"Messages - bebe linda _.pdf","Messages - bebe linda ..","39","6:35 AM good morning baby !! I love you so much I hope "
"Messages - bebe linda _.pdf","Messages - bebe linda ..","39","slept ok ! Good morning babe I slept okay! Had cat here with me "
"Messages - bebe linda _.pdf","Messages - bebe linda ..","50","6:18 AM good morning bebee!! I love you!! Good morning! I love you "
"Messages - bebe linda _.pdf","Messages - bebe linda ..","50","I love you!! Good morning! I love you aru:)) hii how did you sleep? "
"Messages - bebe linda _.pdf","Messages - bebe linda ..","60","5:54 AM good morning bb!! i love you!! https://instagram.com/gariamray?utm_"
"Messages - bebe linda _.pdf","Messages - bebe linda ..","69","6:35 AM Good morning babe! you sleep okay? good morning bby! I slept "
"Messages - bebe linda _.pdf","Messages - bebe linda ..","69","you sleep okay? good morning bby! I slept well!! wbu bby i can actually "
"Messages - bebe linda _.pdf","Messages - bebe linda ..","79","6:20 AM good morning bb I love you!! so much!!! Hiii good morning "
"Messages - bebe linda _.pdf","Messages - bebe linda ..","79","so much!!! Hiii good morning love! BBY I SEE YOU TODAY B FINALU"
"Messages - bebe linda _.pdf","Messages - bebe linda ..","89","6:24 AM good morning bb!! Good morning! Hope you slept well :)) I "
"Messages - bebe linda _.pdf","Messages - bebe linda ..","89","good morning bb!! Good morning! Hope you slept well :)) I did!! kinda what "
"Messages - bebe linda _.pdf","Messages - bebe linda ..","99","5:51 AM good morning bb!! I love you!! how did you sleep took "
"Messages - bebe linda _.pdf","Messages - bebe linda ..","113","6:15 AM good morning bb!! I love you !!!!!! hi bb I think "
"Messages - bebe linda _.pdf","Messages - bebe linda ..","122","6:35 AM good morning bb!!"
"Messages - bebe linda _.pdf","Messages - bebe linda ..","123","Good morning! I love you!!! how did you sleep? I love "
"Messages - bebe linda _.pdf","Messages - bebe linda ..","127","I messaged her good morning and she was like �gwere they mad at "
"Messages - bebe linda _.pdf","Messages - bebe linda ..","132","6:10 AM good morning bb!! te amooo!! bbbbb good morning!! you have to "
"Messages - bebe linda _.pdf","Messages - bebe linda ..","132","te amooo!! bbbbb good morning!! you have to wake up soon!! how did you "
"Messages - bebe linda _.pdf","Messages - bebe linda ..","149","goodt morning bb! Good morning!! hi baby!! how did you sleep? I love you! "
"Messages - bebe linda _.pdf","Messages - bebe linda ..","158","5:41 AM good morning bb!"
"Messages - bebe linda _.pdf","Messages - bebe linda ..","165","7:55 AM Good morning! Hii bb I love you.! !* I love you!!! "
"Messages - bebe linda _.pdf","Messages - bebe linda ..","176","6:07 AM good morning bb! Omw to commons! fell down the stairs but "
"Messages - bebe linda _.pdf","Messages - bebe linda ..","176","loud! I'm ok good morning baby! I love you , glad you didn�ft get "
"Messages - bebe linda _.pdf","Messages - bebe linda ..","177","I love you! Good morning! I�fm not quite awake yet Working on it how "
"Messages - bebe linda _.pdf","Messages - bebe linda ..","190","5:46 AM good morning bb!! 9/22/21, 6:49 AM https://twitter."
"Messages - bebe linda _.pdf","Messages - bebe linda ..","190","I love you! Good morning baby! Sorry to hear you had scary dream:( Attachment "
"Messages - bebe linda _.pdf","Messages - bebe linda ..","196","6:51 AM good morning bb! woke up today like ""gotta feed vaquita"" "
"Messages - bebe linda _.pdf","Messages - bebe linda ..","207","6:30 AM good morning bb!! Good morning! I�fm getting up how did you "
"Messages - bebe linda _.pdf","Messages - bebe linda ..","207","good morning bb!! Good morning! I�fm getting up how did you sleep!! we're going "
"Messages - bebe linda _.pdf","Messages - bebe linda ..","219","6:51 AM good morning bb!! took shower!! gonna do readings now Good morning "
"Messages - bebe linda _.pdf","Messages - bebe linda ..","219","do readings now Good morning b! I love you getting up now hiii bb "
"Messages - bebe linda _.pdf","Messages - bebe linda ..","237","7:00 AM good morning bb!! Good morning! how did you sleep? Okayy vaquita "
"Messages - bebe linda _.pdf","Messages - bebe linda ..","237","good morning bb!! Good morning! how did you sleep? Okayy vaquita was a menace "
"Messages - bebe linda _.pdf","Messages - bebe linda ..","242","AM is ok!! good morning bb!! 9/30/21, 7:32 AM Good morning!! "
"Messages - bebe linda _.pdf","Messages - bebe linda ..","242","7:32 AM Good morning!! I�fm tiree bbbbb I love you!! how did you "
"Messages - bebe linda _.pdf","Messages - bebe linda ..","259","6:50 AM Good morning love! Getting up miss *now good morning bb!! "
"Messages - bebe linda _.pdf","Messages - bebe linda ..","259","miss *now good morning bb!! I love you!! I love you!! Did a "
"Messages - bebe linda _.pdf","Messages - bebe linda ..","269","6:44 AM good morning!! Good morning ! bb!! how did you sleep"
"Messages - bebe linda _.pdf","Messages - bebe linda ..","282","7:07 AM good morning bb!!! Good morning ! how did you sleep? Not "
"Messages - bebe linda _.pdf","Messages - bebe linda ..","282","good morning bb!!! Good morning ! how did you sleep? Not the best but "
"Messages - bebe linda _.pdf","Messages - bebe linda ..","288","give you tomorrow Good morning! Thank you bb, I love you hiiii how did "
"Messages - bebe linda _.pdf","Messages - bebe linda ..","295","7:17 AM good morning!! how did you sleep? Hii b Slept okay! I�fm "
"Messages - bebe linda _.pdf","Messages - bebe linda ..","301","7:21 AM Good morning love! good morning bb!!! I love you so much!! "
"Messages - bebe linda _.pdf","Messages - bebe linda ..","301","Good morning love! good morning bb!!! I love you so much!! how did you "
"Messages - bebe linda _.pdf","Messages - bebe linda ..","316","5:42 AM good morning bb! I love you! https://twitter.com/zoomerskater/status/"
"Messages - bebe linda _.pdf","Messages - bebe linda ..","317","Good morning ! I love you! PRETTTYYYY But yes picnic Would "
"Messages - bebe linda _.pdf","Messages - bebe linda ..","329","popping off today Good morning! Oh oh? Replying to bebe linda , 2021-10-"
"Messages - bebe linda _.pdf","Messages - bebe linda ..","338","5:29 AM good morning!! 10/18/21, 6:33 AM"
"Messages - bebe linda _.pdf","Messages - bebe linda ..","356","7:05 AM good morning bb!! Good morning love! You sleep okay? ok ish!! "
"Messages - bebe linda _.pdf","Messages - bebe linda ..","356","good morning bb!! Good morning love! You sleep okay? ok ish!! I'm still super "
"Messages - bebe linda _.pdf","Messages - bebe linda ..","372","had another nightmare good morning bb Nooooo:( Fuck that�fs too much hiiii how did "
"Messages - bebe linda _.pdf","Messages - bebe linda ..","390","6:03 AM good morning bb!!! 10/21/21, 7:36 AM Good morning! "
"Messages - bebe linda _.pdf","Messages - bebe linda ..","390","7:36 AM Good morning! I love you!! how did you sleep ! fuck "
"Messages - bebe linda _.pdf","Messages - bebe linda ..","406","6:32 AM good morning! bbyyy it's time to wake up! Hiiiii Good morning! "
"Messages - bebe linda _.pdf","Messages - bebe linda ..","406","wake up! Hiiiii Good morning! estrogen above this line testosterone below THATS A MINISCULE "
"Messages - bebe linda _.pdf","Messages - bebe linda ..","416","7:31 AM good morning bb!! Good morning ! I love you aru I "
"Messages - bebe linda _.pdf","Messages - bebe linda ..","416","good morning bb!! Good morning ! I love you aru I love you serra! "
"Messages - bebe linda _.pdf","Messages - bebe linda ..","434","6:28 AM good morning b! HOLY SHITTTTT BABYYY"
"Messages - bebe linda _.pdf","Messages - bebe linda ..","455","6:39 AM good morning bb!! Heyooooooo Good morning! hiiii Halloween costume idea we "
"Messages - bebe linda _.pdf","Messages - bebe linda ..","455","morning bb!! Heyooooooo Good morning! hiiii Halloween costume idea we just dress scene how "
"Messages - bebe linda _.pdf","Messages - bebe linda ..","471","house morning bb! Good morning love! still half asleep How are you bb! I "
"Messages - bebe linda _.pdf","Messages - bebe linda ..","487","7:27 AM good morning bb!! Good morning :) woke up but I'm still "
"Messages - bebe linda _.pdf","Messages - bebe linda ..","487","good morning bb!! Good morning :) woke up but I'm still sick :( how "
"Messages - bebe linda _.pdf","Messages - bebe linda ..","498","5:59 AM good morning bby I love you how are you?"
"Messages - bebe linda _.pdf","Messages - bebe linda ..","499","7:16 AM Good morning! hiiiii 9th dimensional being erasure Loved �g9th dimensional "
"Messages - bebe linda _.pdf","Messages - bebe linda ..","522","that's great grandpa good morning bb!"
"Messages - bebe linda _.pdf","Messages - bebe linda ..","538","you so much! good morning mi amor! bby it's Time to wake up!!! Good "
"Messages - bebe linda _.pdf","Messages - bebe linda ..","538","to wake up!!! Good morning! You and vaquita said the same thing Loved �g"
"Messages - bebe linda _.pdf","Messages - bebe linda ..","560","6:58 AM good morning bb!! Hallooo You shower? hii did not have time "
"Messages - bebe linda _.pdf","Messages - bebe linda ..","572","7:05 AM good morning! bbyyyy it's time to wake up Yaa Good morning! "
"Messages - bebe linda _.pdf","Messages - bebe linda ..","572","wake up Yaa Good morning! good morning!! I SEE YOU SOON SOON how you "
"Messages - bebe linda _.pdf","Messages - bebe linda ..","580","7:10 AM Good morning ! I�fm uupppp gonna use this daylight savings boost "
"Messages - bebe linda _.pdf","Messages - bebe linda ..","580","extra rest ! good morning BBY!! Loved �gI�fm uupppp gonna use this daylight "
"Messages - bebe linda _.pdf","Messages - bebe linda ..","596","5:26 AM Good morning bb! 11/9/21, 6:45 AM Hiiii Disliked "
"Messages - bebe linda _.pdf","Messages - bebe linda ..","626","6:49 AM good morning bb! Buenos buenos :)) how you sleep bby? I "
"Messages - bebe linda _.pdf","Messages - bebe linda ..","650","love youuu Hiii good morning! Wow I really needed a lil extra sleep Loved "
"Messages - bebe linda _.pdf","Messages - bebe linda ..","664","5:22 AM good morning bb! I love you uu 11/15/21, 6:"
"Messages - bebe linda _.pdf","Messages - bebe linda ..","664","I can look good morning bb! probably bedroom somewhere Good morning Vaquita is doing "
"Messages - bebe linda _.pdf","Messages - bebe linda ..","664","probably bedroom somewhere Good morning Vaquita is doing laps I love you b! and "
"Messages - bebe linda _.pdf","Messages - bebe linda ..","681","33 AM hii good morning bb I love you Hiii love hiii how are "
"Messages - bebe linda _.pdf","Messages - bebe linda ..","703","7:05 AM Good morning bb! Hii Want to call? I love you!!! Our "
"Messages - bebe linda _.pdf","Messages - bebe linda ..","746","6:32 AM good morning b! 11/29/21, 7:33 AM buenos buenos "
"Messages - bebe linda _.pdf","Messages - bebe linda ..","757","6:30 AM good morning bb! I'm ready to have good day today Good "
"Messages - bebe linda _.pdf","Messages - bebe linda ..","757","good day today Good morning ! she's giving Tuesday How you sleep? you are "
"Messages - bebe linda _.pdf","Messages - bebe linda ..","788","6:36 AM good morning bb! https://twitter.com/kaijucat/status/1466654567680995329?s=21 "
"Messages - bebe linda _.pdf","Messages - bebe linda ..","788","21 Thanks babe Good morning!"
"Messages - bebe linda _.pdf","Messages - bebe linda ..","808","5:01 AM good morning bb! 12/7/21, 6:45 AM Loved �g"
"Messages - bebe linda _.pdf","Messages - bebe linda ..","809","studying for paul Good morning! hhiii Good morning bb! And ya studying �garts "
"Messages - bebe linda _.pdf","Messages - bebe linda ..","809","Good morning! hhiii Good morning bb! And ya studying �garts and letters�h is "
"Messages - bebe linda _.pdf","Messages - bebe linda ..","828","7:23 AM Good morning bby ! good morning BBY!!! I love you! how "
"Messages - bebe linda _.pdf","Messages - bebe linda ..","828","morning bby ! good morning BBY!!! I love you! how did you sleep okaay "
"Messages - bebe linda _.pdf","Messages - bebe linda ..","843","1468432115448496128?s=21 good morning BBY! Good morning! Loved �ghttps://twitter.com/taylorprobably/"
"Messages - bebe linda _.pdf","Messages - bebe linda ..","843","good morning BBY! Good morning! Loved �ghttps://twitter.com/taylorprobably/status/1468432115448496128? s="
"Messages - bebe linda _.pdf","Messages - bebe linda ..","854","6:05 AM good morning bb! 12/10/21, 7:37 AM Helloooo hiiiii "
"Messages - bebe linda _.pdf","Messages - bebe linda ..","854","I love youuu good morning bb! how u sleep Slept well! Brushing teeth Vaquita "
"Messages - bebe linda _.pdf","Messages - bebe linda ..","882","1478614642427633664?s=21 good morning BBY! te amo 1/6/22, 8:21 AM "
"Messages - bebe linda _.pdf","Messages - bebe linda ..","889","6:32 AM good morning bb!! Helloooo love! Good morning buenas buenas in shower "
"Messages - bebe linda _.pdf","Messages - bebe linda ..","889","bb!! Helloooo love! Good morning buenas buenas in shower hi how did you sleep "
"Messages - bebe linda _.pdf","Messages - bebe linda ..","905","6:11 AM good morning bb!!! bebeeeeew I miss youuu I send good morning "
"Messages - bebe linda _.pdf","Messages - bebe linda ..","905","youuu I send good morning kiss bby!!! want to do a little makeup? some "
"Messages - bebe linda _.pdf","Messages - bebe linda ..","919","6:39 AM good morning bb! had weird dream really bizarre Tell me! Also "
"Messages - bebe linda _.pdf","Messages - bebe linda ..","938","6:02 AM good morning bb!! taking shower! showered! i think imbgoing to we "
"Messages - bebe linda _.pdf","Messages - bebe linda ..","938","I love youuu Good morning ! hiiii Loved �gthen I go get tested "
"Messages - bebe linda _.pdf","Messages - bebe linda ..","952","Sooooo beautiful fuxk Good morning bebe hiii bb how did you sleep doing laundry! "
"Messages - bebe linda _.pdf","Messages - bebe linda ..","967","5:44 AM good morning!!' 1/18/22, 7:26 AM bby could you "
"Messages - bebe linda _.pdf","Messages - bebe linda ..","967","give patita a good morning kiss for me Good morning! I did I did "
"Messages - bebe linda _.pdf","Messages - bebe linda ..","967","kiss for me Good morning! I did I did Pata was good gato this "
"Messages - bebe linda _.pdf","Messages - bebe linda ..","991","42 AM hiiii good morning bb!"
"Messages - bebe linda _.pdf","Messages - bebe linda ..","992","toeing the linee Good morning! I�fm going to snooze a bit then get up "
"Messages - bebe linda _.pdf","Messages - bebe linda ..","1001","6:25 AM good morning bb !!! hellooooo hiiiii how did you sleep slept "
"Messages - bebe linda _.pdf","Messages - bebe linda ..","1034","5:01 AM good morning b! waking up a little pissy this morning because "
"Messages - bebe linda _.pdf","Messages - bebe linda ..","1035","good morning bb! I love you so much bbyyyyy I have "
"Messages - bebe linda _.pdf","Messages - bebe linda ..","1035","the nose hii good morning!! Good morning!! Loved an image Emphasized �gI have "
"Messages - bebe linda _.pdf","Messages - bebe linda ..","1054","5:57 AM good morning bb! I love you bby you're going to look "
"Messages - bebe linda _.pdf","Messages - bebe linda ..","1054","SEE YOU TOMORROWWW Good morning! I love you aru<3 Going to do a "
"Messages - bebe linda _.pdf","Messages - bebe linda ..","1089","an intense dream good morning bb! I love you!! dream was intense but it "
"Messages - bebe linda _.pdf","Messages - bebe linda ..","1089","it sounds cute! good morning Serra mi amor! Good morning bby"
"Messages - bebe linda _.pdf","Messages - bebe linda ..","1089","Serra mi amor! Good morning bby"
"Messages - bebe linda _.pdf","Messages - bebe linda ..","1106","5:43 AM good morning my vida! Also happy February! I fucking hate the "
"Messages - bebe linda _.pdf","Messages - bebe linda ..","1106","annoying and online Good morning! Im waking up I love you good morning!!! Had "
"Messages - bebe linda _.pdf","Messages - bebe linda ..","1106","I love you good morning!!! Had many dreams that woke me up at 3am! "
"Messages - bebe linda _.pdf","Messages - bebe linda ..","1120","6:15 AM good morning bb! I love you! https://twitter.com/lunch_enjoyer/"
"Messages - bebe linda _.pdf","Messages - bebe linda ..","1121","good morning! how are you' Okee how are you? I�fm little "
"Messages - bebe linda _.pdf","Messages - bebe linda ..","1128","5:34 AM good morning bb!! wow I watched one tiktok with robots and,,, "
"Messages - bebe linda _.pdf","Messages - bebe linda ..","1129","still draw Halloooo Good morning! Replying to you, 2022-02-03 06:01:12: "
"Messages - bebe linda _.pdf","Messages - bebe linda ..","1138","5:26 AM good morning mi vidita taking a shower bb!! show her '"
"Messages - bebe linda _.pdf","Messages - bebe linda ..","1138","week!!!!! I'm excited Good morning! Loved �gI ant believe I'm getting paid next "
"Messages - bebe linda _.pdf","Messages - bebe linda ..","1138","Loved an image good morning bb!!' how did you sleep?"
"Messages - bebe linda _.pdf","Messages - bebe linda ..","1159","5:55 AM good morning amor 2/8/22, 7:39 AM Helloooo bb "
"Messages - bebe linda _.pdf","Messages - bebe linda ..","1174","6:51 AM good morning bb! will sleep a bit more Good morning love! "
"Messages - bebe linda _.pdf","Messages - bebe linda ..","1174","a bit more Good morning love! It�fs our last day apart this week It "
"Messages - bebe linda _.pdf","Messages - bebe linda ..","1193","6:28 AM good morning mi amor! I'm so excited we see each other "
"Messages - bebe linda _.pdf","Messages - bebe linda ..","1193","ice? nooo gelatooooo good morning Want to call in like 8 mins sure bb!! "
"Messages - bebe linda _.pdf","Messages - bebe linda ..","1213","5:46 AM good morning bb! omg! new alt j happy Valentine's day bebe! "
"Messages - bebe linda _.pdf","Messages - bebe linda ..","1213","bbyyyyy it's 8!!! Good morning ! Wow back on my bullshit hallooo which bullshit "
"Messages - bebe linda _.pdf","Messages - bebe linda ..","1231","5:49 AM good morning bb!! i had some kind of fucked dreams ngl! "
"Messages - bebe linda _.pdf","Messages - bebe linda ..","1232","Like wow uhm Good morning! hiiiiiii You always get sage Same same as in "
"Messages - bebe linda _.pdf","Messages - bebe linda ..","1246","i have sharcaaaa Good morning ! HIII Angel:�h)))) I love you you�fre so fucking "
"Messages - bebe linda _.pdf","Messages - bebe linda ..","1261","6:01 AM good morning bb i love you! ok i think i killed "
"Messages - bebe linda _.pdf","Messages - bebe linda ..","1262","care soon plss Good morning bby!! good morning serrita! I see your legs and "
"Messages - bebe linda _.pdf","Messages - bebe linda ..","1262","Good morning bby!! good morning serrita! I see your legs and I�fm immediately we "
"Messages - bebe linda _.pdf","Messages - bebe linda ..","1273","5:16 AM Good morning bb!! 2/28/22, 6:32 AM Omg ,,,,,,, "
"Messages - bebe linda _.pdf","Messages - bebe linda ..","1273","politics department basically Good morning bb! Had a productive early morning ! Did a "
"Messages - bebe linda _.pdf","Messages - bebe linda ..","1284","6:31 AM Good morning bb! 3/1/22, 7:43 AM Good morning "
"Messages - bebe linda _.pdf","Messages - bebe linda ..","1284","7:43 AM Good morning bby! Good morning bb! Disliked an image New draw! "
"Messages - bebe linda _.pdf","Messages - bebe linda ..","1284","Good morning bby! Good morning bb! Disliked an image New draw! How did you "
"Messages - bebe linda _.pdf","Messages - bebe linda ..","1296","6:19 AM good morning bb!! bby i see you tomorrow! 3/2/"
"Messages - bebe linda _.pdf","Messages - bebe linda ..","1296","7:43 AM Good morning ! Can we call and say good morning? 3/"
"Messages - bebe linda _.pdf","Messages - bebe linda ..","1296","call and say good morning? 3/2/22, 8:59 AM I love you "
"Messages - bebe linda _.pdf","Messages - bebe linda ..","1310","6:39 AM Good morning bb! Call? :( Ok https://twitter.com/vulnicuravirgo/status/"
"Messages - bebe linda _.pdf","Messages - bebe linda ..","1321","6:20 AM GOOD MORNING BB 3/7/22, 7:41 AM GOOD morning "
"Messages - bebe linda _.pdf","Messages - bebe linda ..","1321","7:41 AM GOOD morning !! Wow belly not thriving this morning How did "
"Messages - bebe linda _.pdf","Messages - bebe linda ..","1335","6:13 AM good morning bb!"
"Messages - bebe linda _.pdf","Messages - bebe linda ..","1336","7:14 AM Good morning!! One year since:�h) NOWAYY i love you so mucj "
"Messages - bebe linda _.pdf","Messages - bebe linda ..","1336","so mucj bbyyy good morning! I love youuu<3 happy wimmens day too it's "
"Messages - bebe linda _.pdf","Messages - bebe linda ..","1348","6:04 AM Good morning bb! 3/9/22, 7:04 AM We�fre together "
"Messages - bebe linda _.pdf","Messages - bebe linda ..","1348","We�fre together tomorrow! Good morninggg HIII"
"Messages - bebe linda _.pdf","Messages - bebe linda ..","1359","1 year adoption!�h good morning bb! https://twitter.com/jihadiadlay/status/1501472611850911746?s=21 "
"Messages - bebe linda _.pdf","Messages - bebe linda ..","1359","1501472611850911746?s=21 Good morning! Loved an image bby! wow you woke up early "
"Messages - bebe linda _.pdf","Messages - bebe linda ..","1370","7:36 AM good morning bb! bbyttytt it's wake up time! Good morning b! "
"Messages - bebe linda _.pdf","Messages - bebe linda ..","1370","wake up time! Good morning b! hallooooo!"
"Messages - bebe linda _.pdf","Messages - bebe linda ..","1386","7:30 AM Good morning my love:)"
"Messages - bebe linda _.pdf","Messages - bebe linda ..","1396","many tiny bites good morning bb! SEMANTLE IS SO HARD Semen wordle? /: Good "
"Messages - bebe linda _.pdf","Messages - bebe linda ..","1396","Semen wordle? /: Good morning ! Disliked �gin dream you for bit by "
"Messages - bebe linda _.pdf","Messages - bebe linda ..","1417","21 AM hiiiii good morning bb! Good morning love! hiii how did you sleep "
"Messages - bebe linda _.pdf","Messages - bebe linda ..","1417","good morning bb! Good morning love! hiii how did you sleep Not bad!! You? "
"Messages - bebe linda _.pdf","Messages - bebe linda ..","1504","6:20 AM good morning amor! i had dream you were allergic to peanuts"
"Messages - bebe linda _.pdf","Messages - bebe linda ..","1505","i miss youuuuu Good morning my love !! arupita <33 como dormiste bb? "
"Messages - bebe linda _.pdf","Messages - bebe linda ..","1520","6:09 AM good morning bb 4/5/22, 7:37 AM http://sootyempiric."
"Messages - bebe linda _.pdf","Messages - bebe linda ..","1520","p good! Hi good morning !! Loved �gI'm going to bed now b. "
"Messages - bebe linda _.pdf","Messages - bebe linda ..","1556","7:12 AM good morning bb! Good morning aru ! good morning serra BBY! "
"Messages - bebe linda _.pdf","Messages - bebe linda ..","1556","good morning bb! Good morning aru ! good morning serra BBY! how are youuu "
"Messages - bebe linda _.pdf","Messages - bebe linda ..","1556","morning aru ! good morning serra BBY! how are youuu 4/7/22, 8:"
"Messages - bebe linda _.pdf","Messages - bebe linda ..","1576","7:03 AM good morning bb! Holaaaa buenos dias:) como estas como dormiste? buenos "
"Messages - bebe linda _.pdf","Messages - bebe linda ..","1592","6:29 AM good morning BBY! 4/13/22, 8:12 AM Good morning "
"Messages - bebe linda _.pdf","Messages - bebe linda ..","1592","8:12 AM Good morning love! hiiii how did you sleep bb Slept.. okay! "
"Messages - bebe linda _.pdf","Messages - bebe linda ..","1592","soon to say good morning? nice bby' ! i wish I could help you "
"Messages - bebe linda _.pdf","Messages - bebe linda ..","1616","AM hiiiiii bby good morning i love you!!! 4/14/22, 8:05 AM "
"Messages - bebe linda _.pdf","Messages - bebe linda ..","1666","6:57 AM Good morning bby! good morning bb!!!"
"Messages - bebe linda _.pdf","Messages - bebe linda ..","1666","Good morning bby! good morning bb!!!"
"Messages - bebe linda _.pdf","Messages - bebe linda ..","1679","6:47 AM good morning bb! Good morning:)) how did you sleep JESUS she�fs "
"Messages - bebe linda _.pdf","Messages - bebe linda ..","1679","good morning bb! Good morning:)) how did you sleep JESUS she�fs So zeitgeist Loved "
"Messages - bebe linda _.pdf","Messages - bebe linda ..","1690","6:26 AM good morning bb!! ok was wondering if it was kitten season "
"Messages - bebe linda _.pdf","Messages - bebe linda ..","1709","5:31 AM good morning bb!! omg! 5/5/22, 7:04 AM i "
"Messages - bebe linda _.pdf","Messages - bebe linda ..","1709","Spectacular feedback omg! Good morning:) GOOD MORNING"
"Messages - bebe linda _.pdf","Messages - bebe linda ..","1730","7:04 AM good morning baby! Good morning ! how did you sleep? https://"
"Messages - bebe linda _.pdf","Messages - bebe linda ..","1730","good morning baby! Good morning ! how did you sleep? https://twitter.com/sparrow_"
"Messages - bebe linda _.pdf","Messages - bebe linda ..","1747","6:47 AM Good morning bb! Good morning aru !! Hiii How are you "
"Messages - bebe linda _.pdf","Messages - bebe linda ..","1747","Good morning bb! Good morning aru !! Hiii How are you b! How did "
"Messages - bebe linda _.pdf","Messages - bebe linda ..","1763","6:31 AM good morning BBY!! i see you tomorrow!! Good morning aru !! "
"Messages - bebe linda _.pdf","Messages - bebe linda ..","1763","see you tomorrow!! Good morning aru !! I see you tomorrow :�f) I love "
"Messages - bebe linda _.pdf","Messages - bebe linda ..","1776","6:08 AM good morning bb!! 5/12/22, 7:16 AM Good morning "
"Messages - bebe linda _.pdf","Messages - bebe linda ..","1776","7:16 AM Good morning love!! Sorry woke up w phone dead hiii how "
"Messages - bebe linda _.pdf","Messages - bebe linda ..","1802","6:31 AM good morning bb!!! Good morning! "
"Messages - bebe linda _.pdf","Messages - bebe linda ..","1802","good morning bb!!! Good morning! "
"Messages - bebe linda _.pdf","Messages - bebe linda ..","1803","be serraarupata �h Good morningggg how did you sleep? HIIII i slept ok!!! nothing "
"Messages - bebe linda _.pdf","Messages - bebe linda ..","1824","6:40 AM good morning BBY! had nightmare :(( What kind of nightmare? we "
"Messages - bebe linda _.pdf","Messages - bebe linda ..","1844","6:40 AM good morning!!! https://twitter.com/sahilkapur/status/1527092111195226114?s=21&t= "
"Messages - bebe linda _.pdf","Messages - bebe linda ..","1845","Jfc Good morning Emphasized an image nice! how did you sleep bb? "
"Messages - bebe linda _.pdf","Messages - bebe linda ..","1884","6:15 AM good morning bb!!"
"Messages - bebe linda _.pdf","Messages - bebe linda ..","1885","Jesus fucking christ Good morning! HALLOOOO Still snoozing a bit okee i love you! "
"Messages - bebe linda _.pdf","Messages - bebe linda ..","1905","6:24 AM Good morning baby! good morning!! i love you!! how did you "
"Messages - bebe linda _.pdf","Messages - bebe linda ..","1905","Good morning baby! good morning!! i love you!! how did you sleep b bby "
"Messages - bebe linda _.pdf","Messages - bebe linda ..","1945","meeting? I've had good morning! did reading did dish played a bit I love "
"Messages - bebe linda _.pdf","Messages - bebe linda ..","1981","7:12 AM good morning BBY!"
"Messages - bebe linda _.pdf","Messages - bebe linda ..","1982","Good morning ! Gotta get ready for call with bones:) !!! "
"Messages - bebe linda _.pdf","Messages - bebe linda ..","1996","7:32 AM good morning bb!!!"
"Messages - bebe linda _.pdf","Messages - bebe linda ..","1997","Good morning!! from me and the patonch BEBE LINDA Y PATOOONCH "
"Messages - bebe linda _.pdf","Messages - bebe linda ..","2008","7:34 AM good morning!!! Good morning! I love you bb i fell asleep "
"Messages - bebe linda _.pdf","Messages - bebe linda ..","2022","8:16 AM Good morning aru bby !! buenos dias Serra lovey! "
"Messages - bebe linda _.pdf","Messages - bebe linda ..","2047","LOVE YOU UU good morning bb! Good morning ! B idk why but Ubereats "
"Messages - bebe linda _.pdf","Messages - bebe linda ..","2047","good morning bb! Good morning ! B idk why but Ubereats is linked to "
"Messages - bebe linda _.pdf","Messages - bebe linda ..","2061","7:52 AM Good morning love! Te amo i shower Found amazing parking can "
"Messages - bebe linda _.pdf","Messages - bebe linda ..","2061","handy for surgery Good morning! Wow just am waking from nap how was nap "
"Messages - bebe linda _.pdf","Messages - bebe linda ..","2067","8:41 AM good morning bb! b in exactly a month we'll be traveling "
"Messages - bebe linda _.pdf","Messages - bebe linda ..","2068","Good morning! Jeez this summer is barreling ahead halloooo how did "
"Messages - bebe linda _.pdf","Messages - bebe linda ..","2073","8:14 AM Good morning bb! Good morning! New cavetown version out https://open."
"Messages - bebe linda _.pdf","Messages - bebe linda ..","2073","Good morning bb! Good morning! New cavetown version out https://open.spotify.com/track/"
"Messages - bebe linda _.pdf","Messages - bebe linda ..","2087","8:03 AM good morning serra baby! ok BBY we're NEVER going lilies they "
"Messages - bebe linda _.pdf","Messages - bebe linda ..","2087","gatito so frail Good morning b! good morning!!!"
"Messages - bebe linda _.pdf","Messages - bebe linda ..","2087","Good morning b! good morning!!!"
"Messages - bebe linda _.pdf","Messages - bebe linda ..","2099","was so much Good morning! Hi I did fall asleep Tell me dream! good "
"Messages - bebe linda _.pdf","Messages - bebe linda ..","2099","Tell me dream! good morning bb! i bit my tongue and like chopped it "
"Messages - bebe linda _.pdf","Messages - bebe linda ..","2114","8:15 AM good morning bb! Good morning! B just forewarning - the next "
"Messages - bebe linda _.pdf","Messages - bebe linda ..","2114","good morning bb! Good morning! B just forewarning - the next few hours of "
"Messages - bebe linda _.pdf","Messages - bebe linda ..","2122","8:32 AM good morning bby!! Good morning !! Had croissant egg for breakfast "
"Messages - bebe linda _.pdf","Messages - bebe linda ..","2122","good morning bby!! Good morning !! Had croissant egg for breakfast was amazing felt "
"Messages - bebe linda _.pdf","Messages - bebe linda ..","2133","7:55 AM good morning bby! Replying to bebe linda , 2022-06-18 "
"Messages - bebe linda _.pdf","Messages - bebe linda ..","2133","�� me neither Good morning! good morning serrita! good morning Paton! can you ask "
"Messages - bebe linda _.pdf","Messages - bebe linda ..","2133","good morning serrita! good morning Paton! can you ask pata Is he liked the "
"Messages - bebe linda _.pdf","Messages - bebe linda ..","2142","8:46 AM good morning b! b i see you so soon! Hiiii hiiiii "
"Messages - bebe linda _.pdf","Messages - bebe linda ..","2155","AM I will! Good morning b:) hi b! i love you!"
"Messages - bebe linda _.pdf","Messages - bebe linda ..","2163","7:19 AM good morning b! 6/21/22, 8:37 AM . Hi "
"Messages - bebe linda _.pdf","Messages - bebe linda ..","2171","omg yeah ig! good morning! Good morning! Yaa you only need license or state "
"Messages - bebe linda _.pdf","Messages - bebe linda ..","2191","7:57 AM good morning b! Good morning! !!"
"Messages - bebe linda _.pdf","Messages - bebe linda ..","2191","good morning b! Good morning! !!"
"Messages - bebe linda _.pdf","Messages - bebe linda ..","2192","he's like hiiii good morning For a lil cheapy word processor?"
"Messages - bebe linda _.pdf","Messages - bebe linda ..","2201","7:52 AM good morning! Hi bby! Good morning"
"Messages - bebe linda _.pdf","Messages - bebe linda ..","2201","morning! Hi bby! Good morning"
"Messages - bebe linda _.pdf","Messages - bebe linda ..","2218","so frustrating jfc GOOD MORNING BEBE LINDA https://www.tiktok.com/t/ZTR1jk3YM/?k="
"Messages - bebe linda _.pdf","Messages - bebe linda ..","2277","7:42 AM good morning bb! Oh um Spinach ? Good moooorning my love "
"Messages - bebe linda _.pdf","Messages - bebe linda ..","2297","the week aftee�h Good morning !"
"Messages - bebe linda _.pdf","Messages - bebe linda ..","2311","i love you! good morning bebe! bby this shit is rough I'm tired ! "
"Messages - bebe linda _.pdf","Messages - bebe linda ..","2312","bowel movement! �h Good morning! good morning b! i love you! how are you!! "
"Messages - bebe linda _.pdf","Messages - bebe linda ..","2331","good morning bebe linda de mi corazon te amoooo i have "
"Messages - bebe linda _.pdf","Messages - bebe linda ..","2492","31 AM hii good morning bebe linda! te amo! demasiado ooooo 8/28/22, "
"Messages - bebe linda _.pdf","Messages - bebe linda ..","2523","54 AM hiiiii good morning amor! 9/5/22, 7:23 AM Buenas buenas "
"Messages - bebe linda _.pdf","Messages - bebe linda ..","2535","6:26 AM good morning bb! dilating https://twitter.com/laserboat999/status/1566879096411340800?s="
"Messages - bebe linda _.pdf","Messages - bebe linda ..","2544","6:11 AM good morning bb! 9/7/22, 7:22 AM Good morning! "
"Messages - bebe linda _.pdf","Messages - bebe linda ..","2544","7:22 AM Good morning! Bb! Clothes arrive today NICEEEE I'm contacting the shoes "
"Messages - bebe linda _.pdf","Messages - bebe linda ..","2559","6:13 AM good morning bb! doing a reading and dilating te amooo FUCK "
"Messages - bebe linda _.pdf","Messages - bebe linda ..","2572","Loved an image good morning bb! Good morning!"
"Messages - bebe linda _.pdf","Messages - bebe linda ..","2572","good morning bb! Good morning!"
"Messages - bebe linda _.pdf","Messages - bebe linda ..","2583","5:56 AM good morning bby! Good morning b! hiii how are your BBY! "
"Messages - bebe linda _.pdf","Messages - bebe linda ..","2583","good morning bby! Good morning b! hiii how are your BBY! Como dormiste? I�fm "
"Messages - bebe linda _.pdf","Messages - bebe linda ..","2591","6:13 AM good morning bebe! plugged in watching an unreal engine video the "
"Messages - bebe linda _.pdf","Messages - bebe linda ..","2591","be like 10k Good morning b! "
"Messages - bebe linda _.pdf","Messages - bebe linda ..","2603","24 AM hii good morning bb woke up feeling like shit i think i "
"Messages - bebe linda _.pdf","Messages - bebe linda ..","2626","53 AM hiiii good morning! i woke up feeling Not Great! but let me "
"Messages - bebe linda _.pdf","Messages - bebe linda ..","2627","who saw* Hiii good morning bb I�fm sorry ugh Ya Campuses are Petri dishes "
"Messages - bebe linda _.pdf","Messages - bebe linda ..","2627","to shower too GOOD MORNING TITAA i love you b! want to call before "
"Messages - bebe linda _.pdf","Messages - bebe linda ..","2642","6:51 AM good morning bby! 9/20/22, 8:06 AM Good morning "
"Messages - bebe linda _.pdf","Messages - bebe linda ..","2642","8:06 AM Good morning ! Feeling a little fucked up but finally out "
"Messages - bebe linda _.pdf","Messages - bebe linda ..","2642","out of bed good morning b!!! drink a lot of water! i love you "
"Messages - bebe linda _.pdf","Messages - bebe linda ..","2655","7:01 AM good morning amorcita! Good morning bb linda!"
"Messages - bebe linda _.pdf","Messages - bebe linda ..","2655","good morning amorcita! Good morning bb linda!"
"Messages - bebe linda _.pdf","Messages - bebe linda ..","2657","b Call Say good morning? 9/21/22, 9:08 AM doing orange! Loved "
"Messages - bebe linda _.pdf","Messages - bebe linda ..","2668","32 AM hiiii good morning bby! BUENAS https://www.facebook.com/marketplace/item/"
"Messages - bebe linda _.pdf","Messages - bebe linda ..","2677","7:21 AM Good morning my love <3 good morning bb!! I prefer "
"Messages - bebe linda _.pdf","Messages - bebe linda ..","2677","love <3 good morning bb!! I prefer that to him just being on "
"Messages - bebe linda _.pdf","Messages - bebe linda ..","2702","14 AM hiiii good morning bb! Good morning ! Where are you bb? bathroom! "
"Messages - bebe linda _.pdf","Messages - bebe linda ..","2702","good morning bb! Good morning ! Where are you bb? bathroom! Oh! How come "
"Messages - bebe linda _.pdf","Messages - bebe linda ..","2713","call to say good morning petite moi ok! please! 9/29/22, 6:59 "
"Messages - bebe linda _.pdf","Messages - bebe linda ..","2713","6:59 AM good morning bb! Good morning bb! This morning has been a "
"Messages - bebe linda _.pdf","Messages - bebe linda ..","2713","good morning bb! Good morning bb! This morning has been a little ghoulish ! "
"Messages - bebe linda _.pdf","Messages - bebe linda ..","2733","7:26 AM good morning bebe linda! Good morning! hiii how are you "
"Messages - bebe linda _.pdf","Messages - bebe linda ..","2733","bebe linda! Good morning! hiii how are you b! Sooo sleep How are "
"Messages - bebe linda _.pdf","Messages - bebe linda ..","2755","7:19 AM good morning bby! Good morning! I�fm sorry you had bad dream:( "
"Messages - bebe linda _.pdf","Messages - bebe linda ..","2755","good morning bby! Good morning! I�fm sorry you had bad dream:( Questioned �gi "
"Messages - bebe linda _.pdf","Messages - bebe linda ..","2755","44:56: �� Good morning! �� hiii! would you like to pick apples too "
"Messages - bebe linda _.pdf","Messages - bebe linda ..","2767","6:33 AM good morning!! also sad news for videogames! the developers of disco "
"Messages - bebe linda _.pdf","Messages - bebe linda ..","2768","of these two Good morning! Was ALEEP Disliked �gthe developers of disco Elysium "
"Messages - bebe linda _.pdf","Messages - bebe linda ..","2768","w dri oye good morning bebe linda! how didu sleep?"
"Messages - bebe linda _.pdf","Messages - bebe linda ..","2777","7:52 AM good morning bb! Good morning !! Yes finally did sleep some "
"Messages - bebe linda _.pdf","Messages - bebe linda ..","2777","good morning bb! Good morning !! Yes finally did sleep some hiiii Call? this "
"Messages - bebe linda _.pdf","Messages - bebe linda ..","2790","06 AM HIII GOOD MORNING HAPPY BIRTHDAY BEBE LINDaaaa https://vt.tiktok.com/ZSRV6CVJ4/ "
"Messages - bebe linda _.pdf","Messages - bebe linda ..","2790","pata clone Hiii good morning ! HALLOOOOOOO I did fall asleep early ln FELIZ "
"Messages - bebe linda _.pdf","Messages - bebe linda ..","2801","54 AM hii Good morning my love! i love you! I'll be there in "
"Messages - bebe linda _.pdf","Messages - bebe linda ..","2818","7:53 AM Good morning my love! Good morning bb !!!!! Te amooo Omw "
"Messages - bebe linda _.pdf","Messages - bebe linda ..","2818","morning my love! Good morning bb !!!!! Te amooo Omw to Augusta omg About "
"Messages - bebe linda _.pdf","Messages - bebe linda ..","2819","want to say good morning! Fish tacos Can�ft call you idk why Just says "
"Messages - bebe linda _.pdf","Messages - bebe linda ..","2825","7:41 AM good morning b i just woke up from a nightmare Nooo "
"Messages - bebe linda _.pdf","Messages - bebe linda ..","2845","7:33 AM good morning bebe!! Jesus Christ "
"Messages - bebe linda _.pdf","Messages - bebe linda ..","2846","even measure that Good morning! hiiii also this! good morning mi amorcita! ?? What "
"Messages - bebe linda _.pdf","Messages - bebe linda ..","2846","hiiii also this! good morning mi amorcita! ?? What would prompt that first tweet "
"Messages - bebe linda _.pdf","Messages - bebe linda ..","2866","7:49 AM good morning bebe!! Hellooo miss grocery shopping together bebe lindaaaa 10/"
"Messages - bebe linda _.pdf","Messages - bebe linda ..","2888","7:02 AM good morning bby!!!!! Good morningggg mi bebe linda preciosa espero que "
"Messages - bebe linda _.pdf","Messages - bebe linda ..","2888","good morning bby!!!!! Good morningggg mi bebe linda preciosa espero que dormiste bien:) bebe!!! "
"Messages - bebe linda _.pdf","Messages - bebe linda ..","2904","7:14 AM good morning mi amor! i find it so weird that people "
"Messages - bebe linda _.pdf","Messages - bebe linda ..","2904","a college student Good morning !! Loved �gwhere an injection is seen as "
"Messages - bebe linda _.pdf","Messages - bebe linda ..","2904","arts school�h hiii good morning b!! Was having dream we were in Thailand like "
"Messages - bebe linda _.pdf","Messages - bebe linda ..","2920","7:35 AM Good morning bby, did you fall asleep at some point?"
"Messages - bebe linda _.pdf","Messages - bebe linda ..","2951","i love you!! good morning! Good morning! Alloo "
"Messages - bebe linda _.pdf","Messages - bebe linda ..","2965","7:45 AM Good morning!"
"Messages - bebe linda _.pdf","Messages - bebe linda ..","2966","hiii good morning bby!! how did you sleep I sleept really well "
"Messages - bebe linda _.pdf","Messages - bebe linda ..","2976","7:26 AM good morning bby! Replying to you, 2022-11-04 07:26:"
"Messages - bebe linda _.pdf","Messages - bebe linda ..","2976","(Image) :�h))) Good morning love! How did you sleep? hii i slept okay! "
"Messages - bebe linda _.pdf","Messages - bebe linda ..","2977","up without a good morning text from you waiting for me. It is a "
"Messages - bebe linda _.pdf","Messages - bebe linda ..","2977","up without a good morning text from you waiting for me. It is a "
"Messages - bebe linda _.pdf","Messages - bebe linda ..","2977","up without a good morning... �� i love you! it's the first thing i "
"Messages - bebe linda _.pdf","Messages - bebe linda ..","2996","6:36 AM good morning bebe linda! Good morning aru bby! how did you "
"Messages - bebe linda _.pdf","Messages - bebe linda ..","2996","morning bebe linda! Good morning aru bby! how did you sleep!!"
"Messages - bebe linda _.pdf","Messages - bebe linda ..","3004","6:55 AM Good morning solecito Dormiste bien? Had tantos suenos good morning bebe! "
"Messages - bebe linda _.pdf","Messages - bebe linda ..","3004","Had tantos suenos good morning bebe! ugh i was sleep but they started hammering "
"Messages - bebe linda _.pdf","Messages - bebe linda ..","3021","7:01 AM good morning b! halloooo Good morning! Sorry phone was dead Showering "
"Messages - bebe linda _.pdf","Messages - bebe linda ..","3021","morning b! halloooo Good morning! Sorry phone was dead Showering now One sec no "
"Messages - bebe linda _.pdf","Messages - bebe linda ..","3043","7:30 AM Good morning lovey ! I did fall asleep �c Kinda snooze "
"Messages - bebe linda _.pdf","Messages - bebe linda ..","3043","bad dream BABYYYY Good morning mi amor! hiiiiiiiiiii call? pls"
"Messages - bebe linda _.pdf","Messages - bebe linda ..","3049","7:37 AM Good morning bb! https://twitter.com/populismupdates/status/1593072880589639685? s=61&"
"Messages - bebe linda _.pdf","Messages - bebe linda ..","3061","8:04 AM Good morning b! Hii Replying to bebe linda , 2022-11-"
"Messages - bebe linda _.pdf","Messages - bebe linda ..","3061","Omg so hype Good morning bby! Heyoo B what is up w Twitter "
"Messages - bebe linda _.pdf","Messages - bebe linda ..","3098","7:51 AM good morning bby! Good morning!! hii how did you sleep? call? "
"Messages - bebe linda _.pdf","Messages - bebe linda ..","3098","good morning bby! Good morning!! hii how did you sleep? call? *"
"Messages - bebe linda _.pdf","Messages - bebe linda ..","3111","7:54 AM Good morning b! hii good morning bb! how are you! how "
"Messages - bebe linda _.pdf","Messages - bebe linda ..","3111","morning b! hii good morning bb! how are you! how dis you sleep!! 12/"
"Messages - bebe linda _.pdf","Messages - bebe linda ..","3121","7:26 AM good morning bebe! Bon diaaaa:) Let�fs GO please spax ceramics and "
"Messages - bebe linda _.pdf","Messages - bebe linda ..","3135","7:16 AM good morning bby!! i love you so so much"
"Messages - bebe linda _.pdf","Messages - bebe linda ..","3147","7:30 AM good morning! package coming in today to casita! ugh i really "
"Messages - bebe linda _.pdf","Messages - bebe linda ..","3155","7:26 AM Good morning bby! https://twitter.com/kawaiizealot/status/1600041725933731840?s=61&"
"Messages - bebe linda _.pdf","Messages - bebe linda ..","3155","on twitter Us! Good morning! Loved an image Replying to you, 2022-12-08 "
"Messages - bebe linda _.pdf","Messages - bebe linda ..","3166","7:22 AM Good morning bb! Also b new bio shock announced! Or well "
"Messages - bebe linda _.pdf","Messages - bebe linda ..","3166","Looks really fun! Good morning! Shower Hiii Loved an image Replying to bebe linda "
"Messages - bebe linda _.pdf","Messages - bebe linda ..","3166","34:30: �� Good morning! �� CUTIE Replying to bebe linda , 2022-12-"
"Messages - bebe linda _.pdf","Messages - bebe linda ..","3166","34:30: �� Good morning! �� te amoo! Replying to bebe linda , 2022-"
"Messages - bebe linda _.pdf","Messages - bebe linda ..","3166","34:30: �� Good morning! �� https://youtu.be/2KrciKxT6mE Replying to bebe linda "
"Messages - bebe linda _.pdf","Messages - bebe linda ..","3166","34:30: �� Good morning! �� let�fs make ! Yes!"
"Messages - bebe linda _.pdf","Messages - bebe linda ..","3171","7:25 AM good morning! bebe lindaaa 12/11/22, 9:57 AM 12/"
"Messages - bebe linda _.pdf","Messages - bebe linda ..","3192","7:19 AM good morning bebe linda! 12/17/22, 11:49 AM"
"Messages - bebe linda _.pdf","Messages - bebe linda ..","3194","6:08 AM good morning chiquita linda! 12/19/22, 10:37 AM NICEEE "
"Messages - bebe linda _.pdf","Messages - bebe linda ..","3202","youtu.be/8lgxKjjdiQE Good morning!"
"Messages - bebe linda _.pdf","Messages - bebe linda ..","3211","7:07 AM good morning vidita! como te sientes! te amooo ok best vegan "
"Messages - bebe linda _.pdf","Messages - bebe linda ..","3226","7:26 AM good morning lovey! te amoooo 1/9/23, 9:23 AM "
"Messages - bebe linda _.pdf","Messages - bebe linda ..","3229","5:49 AM good morning my love! b i really want to start going "
"Messages - bebe linda _.pdf","Messages - bebe linda ..","3229","8:15 AM Good morning ! Wow had the weirdest dream that we were "
"Messages - bebe linda _.pdf","Messages - bebe linda ..","3230","too�h have a good morning b! i had an okay night got a call "
"Messages - bebe linda _.pdf","Messages - bebe linda ..","3238","6:03 AM good morning b! Replying to bebe linda , 2023-01-10 "
"Messages - bebe linda _.pdf","Messages - bebe linda ..","3238","going to commons!! Good morning! Slowly waking up, will be up by 8 Can "
"Messages - bebe linda _.pdf","Messages - bebe linda ..","3254","7:01 AM good morning b!"
"Messages - bebe linda _.pdf","Messages - bebe linda ..","3255","looks really funn Good morning ) **! Sorry hi b! Omg I had a "
"Messages - bebe linda _.pdf","Messages - bebe linda ..","3266","7:32 AM good morning!!"
"Messages - bebe linda _.pdf","Messages - bebe linda ..","3267","hiii Good morning little spoooon hiiiii you know what is so good "
"Messages - bebe linda _.pdf","Messages - bebe linda ..","3275","5:39 AM good morning bby!!! how did you sleep? i remember my dream "
"Messages - bebe linda _.pdf","Messages - bebe linda ..","3282","to watch it Good morning bb! 1/19/23, 6:44 AM AAAAAAAA"
"Messages - bebe linda _.pdf","Messages - bebe linda ..","3283","8:05 AM Good morning !! Don�ft call her funny face So mean hii "
"Messages - bebe linda _.pdf","Messages - bebe linda ..","3312","57 AM hiii Good morning!! slept on wet hair let�fs see how much i "
"Messages - bebe linda _.pdf","Messages - bebe linda ..","3324","5:53 AM good morning my love! ok jungle music is actually so fun "
"Messages - bebe linda _.pdf","Messages - bebe linda ..","3325","you have a good morning bb! See you soon!! Te amo! I love you!! "
"Messages - bebe linda _.pdf","Messages - bebe linda ..","3338","AM gooood morning! Good morning :~~) hii Replying to bebe linda , 2023-01-"
"Messages - bebe linda _.pdf","Messages - bebe linda ..","3338","25:50: �� Good morning :~~) ��long nose!"
"Messages - bebe linda _.pdf","Messages - bebe linda ..","3346","7:13 AM Good morning bby! good morning lovey!!! you woke up before me!!! "
"Messages - bebe linda _.pdf","Messages - bebe linda ..","3346","Good morning bby! good morning lovey!!! you woke up before me!!! I did I "
"Messages - bebe linda _.pdf","Messages - bebe linda ..","3359","8:17 AM Good morning! How you sleep? Hii You getting ready for class "
"Messages - bebe linda _.pdf","Messages - bebe linda ..","3371","6:31 AM Good morning bebe! 2/2/23, 7:32 AM Good morning "
"Messages - bebe linda _.pdf","Messages - bebe linda ..","3371","7:32 AM Good morning ! Hii"
"Messages - bebe linda _.pdf","Messages - bebe linda ..","3373","hear back ? Good morning ! hallooo bebeeeee Can I get arupic? yes!!!! give "
"Messages - bebe linda _.pdf","Messages - bebe linda ..","3379","20 AM hiiii good morning!"
"Messages - bebe linda _.pdf","Messages - bebe linda ..","3389","6:08 AM good morning b! Good morning bb!"
"Messages - bebe linda _.pdf","Messages - bebe linda ..","3389","good morning b! Good morning bb!"
"Messages - bebe linda _.pdf","Messages - bebe linda ..","3390","49:49: �� Good morning bb! �� hiii HALLOOO Replying to bebe linda , "
"Messages - bebe linda _.pdf","Messages - bebe linda ..","3402","7:07 AM good morning my love! Good morning! Wow dreamed I was basically "
"Messages - bebe linda _.pdf","Messages - bebe linda ..","3402","morning my love! Good morning! Wow dreamed I was basically �ginterviewing�h to stay "
"Messages - bebe linda _.pdf","Messages - bebe linda ..","3419","5:52 AM good morning b! pata care package arrives today! bby friday is "
"Messages - bebe linda _.pdf","Messages - bebe linda ..","3419","sword SO bad Good morning!! Tax return refund Hit today omf good morning lovey!"
"Messages - bebe linda _.pdf","Messages - bebe linda ..","3419","Hit today omf good morning lovey!"
"Messages - bebe linda _.pdf","Messages - bebe linda ..","3443","5:27 AM good morning bb! omg i just saw an amazing Steven Universe "
"Messages - bebe linda _.pdf","Messages - bebe linda ..","3467","6:11 AM Good morning! I don�ft know why but there�fs this like super "
"Messages - bebe linda _.pdf","Messages - bebe linda ..","3468","7:17 AM Good morning my love! Como mimiste? Apart from the turbine Mimi "
"Messages - bebe linda _.pdf","Messages - bebe linda ..","3480","6:58 AM good morning my love! 2/15/23, 8:16 AM"
"Messages - bebe linda _.pdf","Messages - bebe linda ..","3492","6:36 AM Good morning my love! good morning b! had good sleep! hope "
"Messages - bebe linda _.pdf","Messages - bebe linda ..","3492","morning my love! good morning b! had good sleep! hope did you sleep? I "
"Messages - bebe linda _.pdf","Messages - bebe linda ..","3512","6:05 AM good morning my love!"
"Messages - bebe linda _.pdf","Messages - bebe linda ..","3513","41 AM ;) Good morning z& halloo b want to get tockets dor the "
"Messages - bebe linda _.pdf","Messages - bebe linda ..","3521","6:15 AM good morning my love! 2/28/23, 7:27 AM Good "
"Messages - bebe linda _.pdf","Messages - bebe linda ..","3521","7:27 AM Good morning! hallo! how did you sleep? Slept well! Just showered "
"Messages - bebe linda _.pdf","Messages - bebe linda ..","3537","6:02 AM good morning bebe! 3/1/23, 8:21 AM Good morning!! "
"Messages - bebe linda _.pdf","Messages - bebe linda ..","3537","8:21 AM Good morning!! Aye sorry Struggled to wake up today issok' ! "
"Messages - bebe linda _.pdf","Messages - bebe linda ..","3551","6:08 AM good morning my love! ughhh struggling w anxiety today! Good morning! "
"Messages - bebe linda _.pdf","Messages - bebe linda ..","3551","w anxiety today! Good morning! Ug had a dream that I accidentally got a "
"Messages - bebe linda _.pdf","Messages - bebe linda ..","3565","5:38 AM good morning baby! ugh i kinda love waking up at 5:"
"Messages - bebe linda _.pdf","Messages - bebe linda ..","3565","was reading the Good morning !! About to shower, in case I don�ft resp "
"Messages - bebe linda _.pdf","Messages - bebe linda ..","3570","you find it good morning b! 3/8/23, 6:40 AM Good morning! "
"Messages - bebe linda _.pdf","Messages - bebe linda ..","3570","6:40 AM Good morning! Had such an intense VR dream Like the dream "
"Messages - bebe linda _.pdf","Messages - bebe linda ..","3586","6:38 AM good morning bb! 3/13/23, 8:42 AM Good morning! "
"Messages - bebe linda _.pdf","Messages - bebe linda ..","3586","8:42 AM Good morning! Wow STURGGLING w the daylight savings Also just trimmed "
"Messages - bebe linda _.pdf","Messages - bebe linda ..","3591","7:27 AM good morning!"
"Messages - bebe linda _.pdf","Messages - bebe linda ..","3592","Good morning! Hellooo hii how did you sleep b Gooood, but "
"Messages - bebe linda _.pdf","Messages - bebe linda ..","3607","6:50 AM good morning b! Good morning! Had a dream we were in "
"Messages - bebe linda _.pdf","Messages - bebe linda ..","3607","good morning b! Good morning! Had a dream we were in Egypt And were "
"Messages - bebe linda _.pdf","Messages - bebe linda ..","3612","7:21 AM good morning b! Good morning!! Halloo hiii! Ug Vaquita loosed a "
"Messages - bebe linda _.pdf","Messages - bebe linda ..","3612","good morning b! Good morning!! Halloo hiii! Ug Vaquita loosed a whole pee on "
"Messages - bebe linda _.pdf","Messages - bebe linda ..","3613","You have a good morning too! Ill see you later Loved �gYou have "
"Messages - bebe linda _.pdf","Messages - bebe linda ..","3613","You have a good morning too! Ill see you later �h Trying the fenty "
"Messages - bebe linda _.pdf","Messages - bebe linda ..","3617","good morning!! Loved an image 3/18/23, 5:57 PM "
"Messages - bebe linda _.pdf","Messages - bebe linda ..","3626","6:41 AM good morning! Wild dream! You me marisol Belen were like.. ghost "
