"Good Morning.pdf","","1",": Keywords : Page: 39 6:35 AM good morning baby !! I love "
"Good Morning.pdf","","1","here with me Page: 50 6:18 AM good morning bebee!! I love you!! "
"Good Morning.pdf","","1","did you sleep? Page: 60 5:54 AM good morning bb!! i love you!! "
"Good Morning.pdf","","1","com/gariamray?utm_ Page: 69 6:35 AM Good morning babe! you sleep okay? "
"Good Morning.pdf","","1","i can actually Page: 79 6:20 AM good morning bb I love you!! "
"Good Morning.pdf","","1","TODAY B FINALU Page: 89"
"Good Morning.pdf","","2","did!! kinda what Page: 99 5:51 AM good morning bb!! I love you!! "
"Good Morning.pdf","","2","you sleep took Page: 113 6:15 AM good morning bb!! I love you "
"Good Morning.pdf","","2","bb I think Page: 122 6:35 AM good morning bb!! Page: 123 Good "
"Good Morning.pdf","","2","good morning bb!! Page: 123 Good morning! I love you!!! how did you sleep? "
"Good Morning.pdf","","2","sleep? I love Page: 127 I messaged her good morning and she was like "
"Good Morning.pdf","","2","they mad at Page: 132 6:10 AM good morning bb!! te amooo!! bbbbb "
"Good Morning.pdf","","2","how did you Page: 149 goodt morning bb! Good morning!! hi baby!! how did "
"Good Morning.pdf","","2","I love you! Page: 158 5:41 AM good morning bb! Page: 165 7:"
"Good Morning.pdf","","2","good morning bb! Page: 165 7:55 AM Good morning! Hii bb I love "
"Good Morning.pdf","","2","I love you!!! Page: 176 6:07 AM good morning bb! Omw to commons! "
"Good Morning.pdf","","2","you didn�t get Page: 177 I love you! Good morning! I�m not quite awake "
"Good Morning.pdf","","2","on it how Page: 190 5:46 AM good morning bb!! 9/22/21, "
"Good Morning.pdf","","3","scary dream:( Attachment Page: 196 6:51 AM good morning bb! woke up today "
"Good Morning.pdf","","3","gotta feed vaquita"" Page: 207 6:30 AM good morning bb!! Good morning! I�m "
"Good Morning.pdf","","3","sleep!! we're going Page: 219 6:51 AM good morning bb!! took shower!! gonna "
"Good Morning.pdf","","3","now hiii bb Page: 237 7:00 AM good morning bb!! Good morning! how "
"Good Morning.pdf","","3","was a menace Page: 242 AM is ok!! good morning bb!! 9/30/21, "
"Good Morning.pdf","","3","how did you Page: 259 6:50 AM Good morning love! Getting up miss "
"Good Morning.pdf","","3","you!! Did a Page: 269 6:44 AM good morning!! Good morning ! bb!! "
"Good Morning.pdf","","3","did you sleep Page: 282 7:07 AM good morning bb!!! Good morning ! "
"Good Morning.pdf","","3","the best but Page: 288 give you tomorrow Good morning! Thank you bb, I "
"Good Morning.pdf","","3","hiiii how did Page: 295 7:17 AM good morning!! how did you sleep? "
"Good Morning.pdf","","3","Slept okay! I�m Page: 301"
"Good Morning.pdf","","4","how did you Page: 316 5:42 AM good morning bb! I love you! "
"Good Morning.pdf","","4","com/zoomerskater/status/ Page: 317 Good morning ! I love you! PRETTTYYYY But yes "
"Good Morning.pdf","","4","yes picnic Would Page: 329 popping off today Good morning! Oh oh? Replying to "
"Good Morning.pdf","","4",", 2021-10- Page: 338 5:29 AM good morning!! 10/18/21, 6:"
"Good Morning.pdf","","4","6:33 AM Page: 356 7:05 AM good morning bb!! Good morning love! "
"Good Morning.pdf","","4","I'm still super Page: 372 had another nightmare good morning bb Nooooo:( Fuck that�s "
"Good Morning.pdf","","4","hiiii how did Page: 390 6:03 AM good morning bb!!! 10/21/21, "
"Good Morning.pdf","","4","sleep ! fuck Page: 406 6:32 AM good morning! bbyyy it's time to "
"Good Morning.pdf","","4","THATS A MINISCULE Page: 416 7:31 AM good morning bb!! Good morning ! "
"Good Morning.pdf","","4","love you serra! Page: 434 6:28 AM good morning b! HOLY SHITTTTT BABYYY "
"Good Morning.pdf","","4","HOLY SHITTTTT BABYYY Page: 455 6:39 AM good morning bb!! Heyooooooo Good morning! "
"Good Morning.pdf","","5","Page: 471 house morning bb! Good morning love! still half asleep "
"Good Morning.pdf","","5","you bb! I Page: 487 7:27 AM good morning bb!! Good morning :) "
"Good Morning.pdf","","5","sick :( how Page: 498 5:59 AM good morning bby I love you "
"Good Morning.pdf","","5","how are you? Page: 499 7:16 AM Good morning! hiiiii 9th dimensional being "
"Good Morning.pdf","","5","�9th dimensional Page: 522 that's great grandpa good morning bb! Page: 538 you "
"Good Morning.pdf","","5","good morning bb! Page: 538 you so much! good morning mi amor! bby it's "
"Good Morning.pdf","","5","thing Loved � Page: 560 6:58 AM good morning bb!! Hallooo You shower? "
"Good Morning.pdf","","5","not have time Page: 572 7:05 AM good morning! bbyyyy it's time to "
"Good Morning.pdf","","5","SOON how you Page: 580 7:10 AM Good morning ! I�m uupppp gonna "
"Good Morning.pdf","","5","use this daylight Page: 596 5:26 AM Good morning bb! 11/9/21, "
"Good Morning.pdf","","5","AM Hiiii Disliked Page: 626 6:49 AM good morning bb! Buenos buenos :)) "
"Good Morning.pdf","","5","sleep bby? I Page: 650 love youuu Hiii good morning! Wow I really needed "
"Good Morning.pdf","","6","Page: 664 5:22 AM good morning bb! I love you "
"Good Morning.pdf","","6","you b! and Page: 681 33 AM hii good morning bb I love you "
"Good Morning.pdf","","6","hiii how are Page: 703 7:05 AM Good morning bb! Hii Want to "
"Good Morning.pdf","","6","love you!!! Our Page: 746 6:32 AM good morning b! 11/29/21, "
"Good Morning.pdf","","6","AM buenos buenos Page: 757 6:30 AM good morning bb! I'm ready to "
"Good Morning.pdf","","6","sleep? you are Page: 788 6:36 AM good morning bb! https://twitter.com/"
"Good Morning.pdf","","6","babe Good morning! Page: 808 5:01 AM good morning bb! 12/7/21, "
"Good Morning.pdf","","6","AM Loved � Page: 809 studying for paul Good morning! hhiii Good morning bb! "
"Good Morning.pdf","","6","and letters� is Page: 828 7:23 AM Good morning bby ! good morning "
"Good Morning.pdf","","6","you sleep okaay Page: 843 1468432115448496128?s=21 good morning BBY! Good morning! Loved "
"Good Morning.pdf","","7","Page: 854 6:05 AM good morning bb! 12/10/21, "
"Good Morning.pdf","","7","Brushing teeth Vaquita Page: 882 1478614642427633664?s=21 good morning BBY! te amo 1/"
"Good Morning.pdf","","7","8:21 AM Page: 889 6:32 AM good morning bb!! Helloooo love! Good "
"Good Morning.pdf","","7","did you sleep Page: 905 6:11 AM good morning bb!!! bebeeeeew I miss "
"Good Morning.pdf","","7","little makeup? some Page: 919 6:39 AM good morning bb! had weird dream "
"Good Morning.pdf","","7","Tell me! Also Page: 938 6:02 AM good morning bb!! taking shower! showered! "
"Good Morning.pdf","","7","go get tested Page: 952 Sooooo beautiful fuxk Good morning bebe hiii bb how "
"Good Morning.pdf","","7","sleep doing laundry! Page: 967 5:44 AM good morning!!' 1/18/22, 7:"
"Good Morning.pdf","","7","good gato this Page: 991 42 AM hiiii good morning bb! Page: 992 toeing "
"Good Morning.pdf","","7","good morning bb! Page: 992 toeing the linee Good morning! I�m going to snooze "
"Good Morning.pdf","","7","then get up Page: 1001 6:25 AM good morning bb !!! hellooooo hiiiii "
"Good Morning.pdf","","7","you sleep slept Page: 1034"
"Good Morning.pdf","","8","this morning because Page: 1035 good morning bb! I love you so much bbyyyyy "
"Good Morning.pdf","","8","�I have Page: 1054 5:57 AM good morning bb! I love you "
"Good Morning.pdf","","8","to do a Page: 1089 an intense dream good morning bb! I love you!! "
"Good Morning.pdf","","8","Good morning bby Page: 1106 5:43 AM good morning my vida! Also happy "
"Good Morning.pdf","","8","up at 3am! Page: 1120 6:15 AM good morning bb! I love you! "
"Good Morning.pdf","","8","com/lunch_enjoyer/ Page: 1121 good morning! how are you' Okee how are you? "
"Good Morning.pdf","","8","you? I�m little Page: 1128 5:34 AM good morning bb!! wow I watched "
"Good Morning.pdf","","8","with robots and,,, Page: 1129 still draw Halloooo Good morning! Replying to you, 2022-"
"Good Morning.pdf","","8","06:01:12: Page: 1138 5:26 AM good morning mi vidita taking a "
"Good Morning.pdf","","8","did you sleep? Page: 1159"
"Good Morning.pdf","","9","AM Helloooo bb Page: 1174 6:51 AM good morning bb! will sleep a "
"Good Morning.pdf","","9","this week It Page: 1193 6:28 AM good morning mi amor! I'm so "
"Good Morning.pdf","","9","mins sure bb!! Page: 1213 5:46 AM good morning bb! omg! new alt "
"Good Morning.pdf","","9","hallooo which bullshit Page: 1231 5:49 AM good morning bb!! i had some "
"Good Morning.pdf","","9","fucked dreams ngl! Page: 1232 Like wow uhm Good morning! hiiiiiii You always get "
"Good Morning.pdf","","9","same as in Page: 1246 i have sharcaaaa Good morning ! HIII Angel:�)))) I "
"Good Morning.pdf","","9","you�re so fucking Page: 1261 6:01 AM good morning bb i love you! "
"Good Morning.pdf","","9","think i killed Page: 1262 care soon plss Good morning bby!! good morning serrita! "
"Good Morning.pdf","","9","I�m immediately we Page: 1273 5:16 AM Good morning bb!! 2/28/22, "
"Good Morning.pdf","","9","! Did a Page: 1284 6:31 AM Good morning bb! 3/1/22, "
"Good Morning.pdf","","9","How did you Page: 1296"
"Good Morning.pdf","","10","I love you Page: 1310 6:39 AM Good morning bb! Call? :( Ok "
"Good Morning.pdf","","10","com/vulnicuravirgo/status/ Page: 1321 6:20 AM GOOD MORNING BB 3/7/22, "
"Good Morning.pdf","","10","morning How did Page: 1335 6:13 AM good morning bb! Page: 1336 7:"
"Good Morning.pdf","","10","good morning bb! Page: 1336 7:14 AM Good morning!! One year since:�) NOWAYY "
"Good Morning.pdf","","10","day too it's Page: 1348 6:04 AM Good morning bb! 3/9/22, "
"Good Morning.pdf","","10","Good morninggg HIII Page: 1359 1 year adoption!� good morning bb! https://twitter.com/"
"Good Morning.pdf","","10","woke up early Page: 1370 7:36 AM good morning bb! bbyttytt it's wake "
"Good Morning.pdf","","10","morning b! hallooooo! Page: 1386 7:30 AM Good morning my love:) Page: 1396 "
"Good Morning.pdf","","10","morning my love:) Page: 1396 many tiny bites good morning bb! SEMANTLE IS SO "
"Good Morning.pdf","","10","for bit by Page: 1417 21 AM hiiiii good morning bb! Good morning love! "
"Good Morning.pdf","","11","Not bad!! You? Page: 1504 6:20 AM good morning amor! i had dream "
"Good Morning.pdf","","11","allergic to peanuts Page: 1505 i miss youuuuu Good morning my love !! arupita "
"Good Morning.pdf","","11","como dormiste bb? Page: 1520 6:09 AM good morning bb 4/5/22, "
"Good Morning.pdf","","11","bed now b. Page: 1556 7:12 AM good morning bb! Good morning aru "
"Good Morning.pdf","","11","7/22, 8: Page: 1576 7:03 AM good morning bb! Holaaaa buenos d�as:) "
"Good Morning.pdf","","11","c�mo dormiste? buenos Page: 1592 6:29 AM good morning BBY! 4/13/22, "
"Good Morning.pdf","","11","could help you Page: 1616 AM hiiiiii bby good morning i love you!!! 4/"
"Good Morning.pdf","","11","8:05 AM Page: 1666 6:57 AM Good morning bby! good morning bb!!! "
"Good Morning.pdf","","11","good morning bb!!! Page: 1679 6:47 AM good morning bb! Good morning:)) how "
"Good Morning.pdf","","11","So zeitgeist Loved Page: 1690 6:26 AM good morning bb!! ok was wondering "
"Good Morning.pdf","","12","Page: 1709 5:31 AM good morning bb!! omg! 5/5/"
"Good Morning.pdf","","12","morning:) GOOD MORNING Page: 1730 7:04 AM good morning baby! Good morning ! "
"Good Morning.pdf","","12","twitter.com/sparrow_ Page: 1747 6:47 AM Good morning bb! Good morning aru "
"Good Morning.pdf","","12","b! How did Page: 1763 6:31 AM good morning BBY!! i see you "
"Good Morning.pdf","","12",":�) I love Page: 1776 6:08 AM good morning bb!! 5/12/22, "
"Good Morning.pdf","","12","dead hiii how Page: 1802 6:31 AM good morning bb!!! Good morning! good "
"Good Morning.pdf","","12","bb!!! Good morning! Page: 1803 be serraarupata � Good morningggg how did you sleep? "
"Good Morning.pdf","","12","slept ok!!! nothing Page: 1824 6:40 AM good morning BBY! had nightmare :(( "
"Good Morning.pdf","","12","of nightmare? we Page: 1844 6:40 AM good morning!!! https://twitter.com/sahilkapur/"
"Good Morning.pdf","","12","s=21&t= Page: 1845 Jfc Good morning Emphasized an image nice! how did "
"Good Morning.pdf","","12","you sleep bb? Page: 1884 6:15 AM good morning bb!! Page: 1885"
"Good Morning.pdf","","12","good morning bb!! Page: 1885"
"Good Morning.pdf","","13","i love you! Page: 1905 6:24 AM Good morning baby! good morning!! i "
"Good Morning.pdf","","13","sleep b bby Page: 1945 meeting? I've had good morning! did reading did dish "
"Good Morning.pdf","","13","bit I love Page: 1981 7:12 AM good morning BBY! Page: 1982 Good "
"Good Morning.pdf","","13","good morning BBY! Page: 1982 Good morning ! Gotta get ready for call with "
"Good Morning.pdf","","13","with bones:) !!! Page: 1996 7:32 AM good morning bb!!! Page: 1997 Good "
"Good Morning.pdf","","13","good morning bb!!! Page: 1997 Good morning!! from me and the patonch BEBE LINDA "
"Good Morning.pdf","","13","LINDA Y PATOOONCH Page: 2008 7:34 AM good morning!!! Good morning! I love "
"Good Morning.pdf","","13","i fell asleep Page: 2022 8:16 AM Good morning aru bby !! buenos "
"Good Morning.pdf","","13","d�as Serra lovey! Page: 2047 LOVE YOU UU good morning bb! Good morning ! "
"Good Morning.pdf","","13","is linked to Page: 2061 7:52 AM Good morning love! Te amo i "
"Good Morning.pdf","","13","how was nap Page: 2067 8:41 AM good morning bb! b in exactly "
"Good Morning.pdf","","13","we'll be traveling Page: 2068"
"Good Morning.pdf","","14","halloooo how did Page: 2073 8:14 AM Good morning bb! Good morning! New "
"Good Morning.pdf","","14","spotify.com/track/ Page: 2087 8:03 AM good morning serra baby! ok BBY "
"Good Morning.pdf","","14","b! good morning!!! Page: 2099 was so much Good morning! Hi I did fall "
"Good Morning.pdf","","14","like chopped it Page: 2114 8:15 AM good morning bb! Good morning! B "
"Good Morning.pdf","","14","few hours of Page: 2122 8:32 AM good morning bby!! Good morning !! "
"Good Morning.pdf","","14","was amazing felt Page: 2133 7:55 AM good morning bby! Replying to bebe "
"Good Morning.pdf","","14","he liked the Page: 2142 8:46 AM good morning b! b i see "
"Good Morning.pdf","","14","soon! Hiiii hiiiii Page: 2155 AM I will! Good morning b:) hi b! i "
"Good Morning.pdf","","14","i love you! Page: 2163 7:19 AM good morning b! 6/21/22, "
"Good Morning.pdf","","14","AM . Hi Page: 2171 omg yeah ig! good morning! Good morning! Yaa you "
"Good Morning.pdf","","15","Page: 2191 7:57 AM good morning b! Good morning! !! "
"Good Morning.pdf","","15","Good morning! !! Page: 2192 he's like hiiii good morning For a lil cheapy "
"Good Morning.pdf","","15","cheapy word processor? Page: 2201 7:52 AM good morning! Hi bby! Good morning "
"Good Morning.pdf","","15","bby! Good morning Page: 2218 so frustrating jfc GOOD MORNING BEBE LINDA https://www."
"Good Morning.pdf","","15","t/ZTR1jk3YM/?k= Page: 2277 7:42 AM good morning bb! Oh um Spinach "
"Good Morning.pdf","","15","moooorning my love Page: 2297 the week aftee� Good morning ! Page: 2311 i "
"Good Morning.pdf","","15","Good morning ! Page: 2311 i love you! good morning bebe! bby this shit "
"Good Morning.pdf","","15","I'm tired ! Page: 2312 bowel movement! � Good morning! good morning b! i "
"Good Morning.pdf","","15","how are you!! Page: 2331 good morning bebe linda de mi coraz�n te amoooo "
"Good Morning.pdf","","15","amoooo i have Page: 2492 31 AM hii good morning bebe linda! te amo! "
"Good Morning.pdf","","15","8/28/22, Page: 2523 54 AM hiiiii good morning amor! 9/5/22, "
"Good Morning.pdf","","15","AM Buenas buenas Page: 2535 6:26 AM good morning bb! dilating https://twitter."
"Good Morning.pdf","","15","status/1566879096411340800?s= Page: 2544 6:11 AM good morning bb! 9/7/22, "
"Good Morning.pdf","","16","contacting the shoes Page: 2559 6:13 AM good morning bb! doing a reading "
"Good Morning.pdf","","16","te amooo FUCK Page: 2572 Loved an image good morning bb! Good morning! good "
"Good Morning.pdf","","16","bb! Good morning! Page: 2583 5:56 AM good morning bby! Good morning b! "
"Good Morning.pdf","","16","Como dormiste? I�m Page: 2591 6:13 AM good morning bebe! plugged in watching "
"Good Morning.pdf","","16","Good morning b! Page: 2603 24 AM hii good morning bb woke up feeling "
"Good Morning.pdf","","16","i think i Page: 2626 53 AM hiiii good morning! i woke up feeling "
"Good Morning.pdf","","16","but let me Page: 2627 who saw* Hiii good morning bb I�m sorry ugh "
"Good Morning.pdf","","16","to call before Page: 2642 6:51 AM good morning bby! 9/20/22, "
"Good Morning.pdf","","16","i love you Page: 2655 7:01 AM good morning amorcita! Good morning bb "
"Good Morning.pdf","","16","morning bb linda! Page: 2657 b Call Say good morning? 9/21/22, 9:"
"Good Morning.pdf","","16","doing orange! Loved Page: 2668"
"Good Morning.pdf","","17","com/marketplace/item/ Page: 2677 7:21 AM Good morning my love <3 "
"Good Morning.pdf","","17","just being on Page: 2702 14 AM hiiii good morning bb! Good morning ! "
"Good Morning.pdf","","17","Oh! How come Page: 2713 call to say good morning petite moi ok! please! "
"Good Morning.pdf","","17","little ghoulish ! Page: 2733 7:26 AM good morning bebe linda! Good morning! "
"Good Morning.pdf","","17","sleep How are Page: 2755 7:19 AM good morning bby! Good morning! I�m "
"Good Morning.pdf","","17","pick apples too Page: 2767 6:33 AM good morning!! also sad news for "
"Good Morning.pdf","","17","developers of disco Page: 2768 of these two Good morning! Was ALEEP Disliked �"
"Good Morning.pdf","","17","how didu sleep? Page: 2777 7:52 AM good morning bb! Good morning !! "
"Good Morning.pdf","","17","hiiii Call? this Page: 2790 06 AM HIII GOOD MORNING HAPPY BIRTHDAY BEBE LINDaaaa "
"Good Morning.pdf","","18","early ln FELIZ Page: 2801 54 AM hii Good morning my love! i love "
"Good Morning.pdf","","18","be there in Page: 2818 7:53 AM Good morning my love! Good morning "
"Good Morning.pdf","","18","Augusta omg About Page: 2819 want to say good morning! Fish tacos Can�t call "
"Good Morning.pdf","","18","why Just says Page: 2825 7:41 AM good morning b i just woke "
"Good Morning.pdf","","18","a nightmare Nooo Page: 2845 7:33 AM good morning bebe!! Jesus Christ Page: "
"Good Morning.pdf","","18","bebe!! Jesus Christ Page: 2846 even measure that Good morning! hiiii also this! good "
"Good Morning.pdf","","18","that first tweet Page: 2866 7:49 AM good morning bebe!! Hellooo miss grocery "
"Good Morning.pdf","","18","b�b� lindaaaa 10/ Page: 2888 7:02 AM good morning bby!!!!! Good morningggg mi "
"Good Morning.pdf","","18","dormiste bien:) beb�!!! Page: 2904 7:14 AM good morning mi amor! i find "
"Good Morning.pdf","","18","in Thailand like Page: 2920 7:35 AM Good morning bby, did you fall "
"Good Morning.pdf","","18","at some point? Page: 2951 i love you!! good morning! Good morning! All��"
"Good Morning.pdf","","19","Page: 2965 7:45 AM Good morning! Page: 2966 hiii good "
"Good Morning.pdf","","19","AM Good morning! Page: 2966 hiii good morning bby!! how did you sleep I "
"Good Morning.pdf","","19","sleept really well Page: 2976 7:26 AM good morning bby! Replying to you, "
"Good Morning.pdf","","19","i slept okay! Page: 2977 up without a good morning text from you waiting "
"Good Morning.pdf","","19","first thing i Page: 2996 6:36 AM good morning bebe linda! Good morning "
"Good Morning.pdf","","19","did you sleep!! Page: 3004 6:55 AM Good morning solecito Dormiste bien? Had "
"Good Morning.pdf","","19","they started hammering Page: 3021 7:01 AM good morning b! halloooo Good morning! "
"Good Morning.pdf","","19","One sec no Page: 3043 7:30 AM Good morning lovey ! I did "
"Good Morning.pdf","","19","hiiiiiiiiiii call? pls Page: 3049 7:37 AM Good morning bb! https://twitter.com/"
"Good Morning.pdf","","19","1593072880589639685? s=61& Page: 3061 8:04 AM Good morning b! Hii Replying to "
"Good Morning.pdf","","19","up w Twitter Page: 3098"
"Good Morning.pdf","","20","sleep? call? * Page: 3111 7:54 AM Good morning b! hii good morning "
"Good Morning.pdf","","20","you sleep!! 12/ Page: 3121 7:26 AM good morning bebe! Bon diaaaa:) Let�s "
"Good Morning.pdf","","20","spax ceramics and Page: 3135 7:16 AM good morning bby!! i love you "
"Good Morning.pdf","","20","so so much Page: 3147 7:30 AM good morning! package coming in today "
"Good Morning.pdf","","20","ugh i really Page: 3155 7:26 AM Good morning bby! https://twitter.com/"
"Good Morning.pdf","","20","2022-12-08 Page: 3166 7:22 AM Good morning bb! Also b new "
"Good Morning.pdf","","20","make ! Yes! Page: 3171 7:25 AM good morning! bebe lindaaa 12/11/"
"Good Morning.pdf","","20","57 AM 12/ Page: 3192 7:19 AM good morning bebe linda! 12/17/"
"Good Morning.pdf","","20","11:49 AM Page: 3194 6:08 AM good morning chiquita linda! 12/19/"
"Good Morning.pdf","","20","37 AM NICEEE Page: 3202 youtu.be/8lgxKjjdiQE Good morning!"
"Good Morning.pdf","","21","Page: 3211 7:07 AM good morning vidita! como te sientes! "
"Good Morning.pdf","","21","ok best vegan Page: 3226 7:26 AM good morning lovey! te amoooo 1/"
"Good Morning.pdf","","21","9:23 AM Page: 3229 5:49 AM good morning my love! b i "
"Good Morning.pdf","","21","that we were Page: 3230 too� have a good morning b! i had an "
"Good Morning.pdf","","21","got a call Page: 3238 6:03 AM good morning b! Replying to bebe "
"Good Morning.pdf","","21","by 8 Can Page: 3254 7:01 AM good morning b! Page: 3255 looks "
"Good Morning.pdf","","21","good morning b! Page: 3255 looks really funn Good morning ) **! Sorry hi "
"Good Morning.pdf","","21","I had a Page: 3266 7:32 AM good morning!! Page: 3267 hiii Good "
"Good Morning.pdf","","21","AM good morning!! Page: 3267 hiii Good morning little spoooon hiiiii you know what "
"Good Morning.pdf","","21","is so good Page: 3275 5:39 AM good morning bby!!! how did you "
"Good Morning.pdf","","21","remember my dream Page: 3282 to watch it Good morning bb! 1/19/23, "
"Good Morning.pdf","","21","44 AM AAAAAAAA Page: 3283 8:05 AM Good morning !! Don�t call her "
"Good Morning.pdf","","21","So mean hii Page: 3312 57 AM hiii Good morning!! slept on wet hair "
"Good Morning.pdf","","22","Page: 3324 5:53 AM good morning my love! ok jungle "
"Good Morning.pdf","","22","actually so fun Page: 3325 you have a good morning bb! See you soon!! "
"Good Morning.pdf","","22","I love you!! Page: 3338 AM gooood morning! Good morning :~~) hii Replying to "
"Good Morning.pdf","","22","�long nose! Page: 3346 7:13 AM Good morning bby! good morning lovey!!! "
"Good Morning.pdf","","22","I did I Page: 3359 8:17 AM Good morning! How you sleep? Hii "
"Good Morning.pdf","","22","ready for class Page: 3371 6:31 AM Good morning bebe! 2/2/23, "
"Good Morning.pdf","","22","morning ! Hii Page: 3373 hear back ? Good morning ! hallooo bebeeeee Can "
"Good Morning.pdf","","22","arupic? yes!!!! give Page: 3379 20 AM hiiii good morning! Page: 3389 6:08 "
"Good Morning.pdf","","22","hiiii good morning! Page: 3389 6:08 AM good morning b! Good morning bb! "
"Good Morning.pdf","","22","Good morning bb! Page: 3390 49:49: � Good morning bb! � hiii HALLOOO "
"Good Morning.pdf","","22","bebe linda , Page: 3402 7:07 AM good morning my love! Good morning! "
"Good Morning.pdf","","22","interviewing� to stay Page: 3419"
"Good Morning.pdf","","23","good morning lovey! Page: 3443 5:27 AM good morning bb! omg i just "
"Good Morning.pdf","","23","amazing Steven Universe Page: 3467 6:11 AM Good morning! I don�t know why "
"Good Morning.pdf","","23","this like super Page: 3468 7:17 AM Good morning my love! Como mimiste? "
"Good Morning.pdf","","23","the turbine Mimi Page: 3480 6:58 AM good morning my love! 2/15/"
"Good Morning.pdf","","23","8:16 AM Page: 3492 6:36 AM Good morning my love! good morning "
"Good Morning.pdf","","23","you sleep? I Page: 3512 6:05 AM good morning my love! Page: 3513 "
"Good Morning.pdf","","23","morning my love! Page: 3513 41 AM ;) Good morning z& halloo b want "
"Good Morning.pdf","","23","tockets dor the Page: 3521 6:15 AM good morning my love! 2/28/"
"Good Morning.pdf","","23","well! Just showered Page: 3537 6:02 AM good morning bebe! 3/1/23, "
"Good Morning.pdf","","23","today issok' ! Page: 3551 6:08 AM good morning my love! ughhh struggling "
"Good Morning.pdf","","23","accidentally got a Page: 3565"
"Good Morning.pdf","","24","I don�t resp Page: 3570 you find it good morning b! 3/8/23, "
"Good Morning.pdf","","24","Like the dream Page: 3586 6:38 AM good morning bb! 3/13/23, "
"Good Morning.pdf","","24","Also just trimmed Page: 3591 7:27 AM good morning! Page: 3592 Good morning! "
"Good Morning.pdf","","24","AM good morning! Page: 3592 Good morning! Hellooo hii how did you sleep b "
"Good Morning.pdf","","24","b Gooood, but Page: 3607 6:50 AM good morning b! Good morning! Had "
"Good Morning.pdf","","24","Egypt And were Page: 3612 7:21 AM good morning b! Good morning!! Halloo "
"Good Morning.pdf","","24","whole pee on Page: 3613 You have a good morning too! Ill see you "
"Good Morning.pdf","","24","Trying the fenty Page: 3617 good morning!! Loved an image 3/18/23, 5:"
"Good Morning.pdf","","24","5:57 PM Page: 3626 6:41 AM good morning! Wild dream! You me "
